title,price,stock,Category
The Long Haul (Diary of a Wimpy Kid #9),£44.07,In stock,Humor
Old School (Diary of a Wimpy Kid #10),£11.83,In stock,Humor
I Know What I'm Doing -- and Other Lies I Tell Myself: Dispatches from a Life Under Construction,£25.98,In stock,Humor
"Hyperbole and a Half: Unfortunate Situations, Flawed Coping Mechanisms, Mayhem, and Other Things That Happened",£14.75,In stock,Humor
Dress Your Family in Corduroy and Denim,£43.68,In stock,Humor
Toddlers Are A**holes: It's Not Your Fault,£25.55,In stock,Humor
When You Are Engulfed in Flames,£30.89,In stock,Humor
Naked,£31.69,In stock,Humor
"Lamb: The Gospel According to Biff, Christ's Childhood Pal",£55.50,In stock,Humor
Holidays on Ice,£51.07,In stock,Humor
Scott Pilgrim's Precious Little Life (Scott Pilgrim #1),£52.29,In stock,Art
Tsubasa: WoRLD CHRoNiCLE 2 (Tsubasa WoRLD CHRoNiCLE #2),£16.28,In stock,Art
This One Summer,£19.49,In stock,Art
The Nameless City (The Nameless City #1),£38.16,In stock,Art
"Saga, Volume 5 (Saga (Collected Editions) #5)",£51.04,In stock,Art
"Rat Queens, Vol. 3: Demons (Rat Queens (Collected Editions) #11-15)",£50.40,In stock,Art
"Princess Jellyfish 2-in-1 Omnibus, Vol. 01 (Princess Jellyfish 2-in-1 Omnibus #1)",£13.61,In stock,Art
"Pop Gun War, Volume 1: Gift",£18.97,In stock,Art
Patience,£10.16,In stock,Art
"Outcast, Vol. 1: A Darkness Surrounds Him (Outcast #1)",£15.44,In stock,Art
orange: The Complete Collection 1 (orange: The Complete Collection #1),£48.41,In stock,Art
"Lumberjanes, Vol. 2: Friendship to the Max (Lumberjanes #5-8)",£46.91,In stock,Art
"Lumberjanes, Vol. 1: Beware the Kitten Holy (Lumberjanes #1-4)",£45.61,In stock,Art
Lumberjanes Vol. 3: A Terrible Plan (Lumberjanes #9-12),£19.92,In stock,Art
"I Hate Fairyland, Vol. 1: Madly Ever After (I Hate Fairyland (Compilations) #1-5)",£29.17,In stock,Art
I am a Hero Omnibus Volume 1,£54.63,In stock,Art
"Giant Days, Vol. 2 (Giant Days #5-8)",£22.11,In stock,Art
Danganronpa Volume 1,£51.99,In stock,Art
"Codename Baboushka, Volume 1: The Conclave of Death",£36.72,In stock,Art
Camp Midnight,£17.08,In stock,Art
Rip it Up and Start Again,£35.02,In stock,Music
"Our Band Could Be Your Life: Scenes from the American Indie Underground, 1981-1991",£57.25,In stock,Music
How Music Works,£37.32,In stock,Music
Love Is a Mix Tape (Music #1),£18.03,In stock,Music
Please Kill Me: The Uncensored Oral History of Punk,£31.19,In stock,Music
Kill 'Em and Leave: Searching for James Brown and the American Soul,£45.05,In stock,Music
"Chronicles, Vol. 1",£52.60,In stock,Music
This Is Your Brain on Music: The Science of a Human Obsession,£38.40,In stock,Music
"Orchestra of Exiles: The Story of Bronislaw Huberman, the Israel Philharmonic, and the One Thousand Jews He Saved from Nazi Horrors",£12.36,In stock,Music
No One Here Gets Out Alive,£20.02,In stock,Music
Life,£31.58,In stock,Music
Old Records Never Die: One Man's Quest for His Vinyl and His Past,£55.66,In stock,Music
Forever Rockers (The Rocker #12),£28.80,In stock,Music
